nid,nid,Sequence,Judge Name,School,Degree,Degree Year,Court Name,In District,T14 Law School
1394646,1394646,2,"Abrams, Leslie Joyce",Yale Law School,J.D.,2002,U.S. District Court for the Middle District of Georgia,0,True
1393931,1393931,2,"Abrams, Ronnie",Yale Law School,J.D.,1993,U.S. District Court for the Southern District of New York,0,True
1393701,1393701,2,"Allen, Arenda Lauretta Wright",North Carolina Central University School of Law,J.D.,1985,U.S. District Court for the Eastern District of Virginia,0,False
1394711,1394711,2,"Alonso, Jorge Luis",George Washington University Law School,J.D.,1991,U.S. District Court for the Northern District of Illinois,0,False
1393846,1393846,2,"Andrews, Richard Gibson","University of California, Berkeley, Boalt Hall School of Law",J.D.,1981,U.S. District Court for the District of Delaware,0,True
1394671,1394671,3,"Arleo, Madeline Cox",Seton Hall University School of Law,J.D.,1989,U.S. District Court for the District of New Jersey,1,False
1394716,1394716,2,"Azrack, Joan Marie",New York Law School,J.D.,1979,U.S. District Court for the Eastern District of New York,1,False
1394126,1394126,2,"Bacharach, Robert Edwin",Washington University School of Law,J.D.,1985,U.S. Court of Appeals for the Tenth Circuit,0,False
1393971,1393971,2,"Baker, Kristine Gerhard",University of Arkansas School of Law,J.D.,1996,U.S. District Court for the Eastern District of Arkansas,1,False
1394221,1394221,2,"Barnett, Mark Allen",University of Michigan Law School,J.D.,1988,U.S. Court of International Trade,0,True
1394531,1394531,2,"Barron, David Jeremiah",Harvard Law School,J.D.,1994,U.S. Court of Appeals for the First Circuit,1,True
1394451,1394451,2,"Bashant, Cynthia Ann","University of California, Hastings College of the Law",J.D.,1986,U.S. District Court for the Southern District of California,1,False
1394456,1394456,2,"Bastian, Stanley Allen",University of Washington School of Law,J.D.,1983,U.S. District Court for the Eastern District of Washington,1,False
1393636,1393636,2,"Battaglia, Anthony Joseph",California Western School of Law,J.D.,1974,U.S. District Court for the Southern District of California,1,False
1394676,1394676,2,"Beetlestone, Wendy",University of Pennsylvania Law School,J.D.,1993,U.S. District Court for the Eastern District of Pennsylvania,1,True
1393891,1393891,3,"Bencivengo, Cathy Ann",University of Michigan Law School,J.D.,1988,U.S. District Court for the Southern District of California,0,True
1394771,1394771,2,"Bennett, Alfred Homer",University of Texas School of Law,J.D.,1991,U.S. District Court for the Southern District of Texas,1,True
1394071,1394071,2,"Berg, Terrence George",Georgetown University Law Center,J.D.,1986,U.S. District Court for the Eastern District of Michigan,0,True
1392951,1392951,2,"Berger, Irene Cornelia",West Virginia University College of Law,J.D.,1979,U.S. District Court for the Southern District of West Virginia,1,False
1394081,1394081,2,"Bernal, Jesus Gilberto",Stanford Law School,J.D.,1989,U.S. District Court for the Central District of California,1,True
1394721,1394721,2,"Biggs, Loretta Copeland",Howard University School of Law,J.D.,1979,U.S. District Court for the Middle District of North Carolina,0,False
1394611,1394611,2,"Birotte, Andre, Jr.",Pepperdine University School of Law,J.D.,1991,U.S. District Court for the Central District of California,1,False
1393816,1393816,2,"Bissoon, Cathy",Harvard Law School,J.D.,1993,U.S. District Court for the Western District of Pennsylvania,0,True
1393131,1393131,2,"Black, Timothy Seymour","Northern Kentucky University, Salmon P. Chase College of Law",J.D.,1983,U.S. District Court for the Southern District of Ohio,0,False
1394726,1394726,3,"Blakey, John Robert",Notre Dame Law School,J.D.,1992,U.S. District Court for the Northern District of Illinois,0,False
1394591,1394591,3,"Bloom, Beth Francine",University of Miami School of Law,J.D.,1988,U.S. District Court for the Southern District of Florida,1,False
1393651,1393651,3,"Boasberg, James Emanuel",Yale Law School,J.D.,1990,U.S. District Court for the District of Columbia,0,True
1394681,1394681,2,"Bolden, Victor Allen",Harvard Law School,J.D.,1989,U.S. District Court for the District of Connecticut,0,True
1394731,1394731,2,"Bough, Stephen Rogers",University of Missouri-Kansas City School of Law,J.D.,1997,U.S. District Court for the Western District of Missouri,1,False
1394561,1394561,2,"Boulware, Richard Franklin II",Columbia Law School,J.D.,2002,U.S. District Court for the District of Nevada,0,True
1394106,1394106,2,"Brann, Matthew William",Dickinson School of Law,J.D.,1990,U.S. District Court for the Middle District of Pennsylvania,1,False
1393511,1393511,2,"Bredar, James Kelleher",Georgetown University Law Center,J.D.,1982,U.S. District Court for the District of Maryland,0,True
1393671,1393671,2,"Briccetti, Vincent Louis",Fordham University School of Law,J.D.,1980,U.S. District Court for the Southern District of New York,1,False
1394271,1394271,2,"Broderick, Vernon Speede",Harvard Law School,J.D.,1988,U.S. District Court for the Southern District of New York,0,True
1393901,1393901,2,"Brodie, Margo Kitsy",University of Pennsylvania Law School,J.D.,1991,U.S. District Court for the Eastern District of New York,0,True
1394376,1394376,2,"Brooks, Timothy Lloyd",University of Arkansas School of Law,J.D.,1989,U.S. District Court for the Western District of Arkansas,1,False
1394306,1394306,2,"Brown, Debra Marie",University of Mississippi School of Law,J.D.,1997,U.S. District Court for the Northern District of Mississippi,1,False
1393771,1393771,2,"Brown, Nannette Jolivette",Tulane University Law School,J.D.,1988,U.S. District Court for the Eastern District of Louisiana,1,False
1394281,1394281,2,"Bruce, Colin Stirling",University of Illinois College of Law,J.D.,1989,U.S. District Court for the Central District of Illinois,1,False
1394736,1394736,2,"Burroughs, Allison Dale",University of Pennsylvania Law School,J.D.,1988,U.S. District Court for the District of Massachusetts,0,True
1394581,1394581,3,"Byron, Paul Gregory",Louisiana State University Law School,J.D.,1986,U.S. District Court for the Middle District of Florida,0,False
1393766,1393766,2,"Cain, Timothy Martin",University of South Carolina School of Law,J.D.,1986,U.S. District Court for the District of South Carolina,1,False
1394266,1394266,2,"Caproni, Valerie Elaine",University of Georgia School of Law,J.D.,1979,U.S. District Court for the Southern District of New York,0,False
1393711,1393711,2,"Carney, Susan Laura",Harvard Law School,J.D.,1977,U.S. Court of Appeals for the Second Circuit,0,True
1393866,1393866,2,"Carter, Andrew Lamar, Jr.",Harvard Law School,J.D.,1994,U.S. District Court for the Southern District of New York,0,True
1393536,1393536,2,"Casper, Denise Jefferson",Harvard Law School,J.D.,1994,U.S. District Court for the District of Massachusetts,1,True
1393716,1393716,2,"Cecchi, Claire Claudia",Fordham University School of Law,J.D.,1989,U.S. District Court for the District of New Jersey,0,False
1393546,1393546,2,"Chang, Edmond E-Min",Northwestern University School of Law,J.D.,1994,U.S. District Court for the Northern District of Illinois,1,True
1394206,1394206,2,"Chappell, Sheri Polster","Nova University, Shepard Broad Law Center",J.D.,1987,U.S. District Court for the Middle District of Florida,1,False
1393696,1393696,2,"Chen, Edward Milton","University of California, Berkeley, Boalt Hall School of Law",J.D.,1979,U.S. District Court for the Northern District of California,1,True
1394131,1394131,2,"Chen, Pamela Ki Mai",Georgetown University Law Center,J.D.,1986,U.S. District Court for the Eastern District of New York,0,True
1394261,1394261,2,"Chen, Raymond T.",New York University School of Law,J.D.,1994,U.S. Court of Appeals for the Federal Circuit,0,True
1394381,1394381,2,"Chhabria, Vince Girdhari","University of California, Berkeley, Boalt Hall School of Law",J.D.,1998,U.S. District Court for the Northern District of California,1,True
1393286,1393286,2,"Childs, Julianna Michelle",University of South Carolina School of Law,J.D.,1991,U.S. District Court for the District of South Carolina,1,False
1393881,1393881,2,"Christen, Morgan",Golden Gate University School of Law,J.D.,1986,U.S. Court of Appeals for the Ninth Circuit,1,False
1393876,1393876,2,"Christensen, Dana Lewis",University of Montana School of Law,J.D.,1976,U.S. District Court for the District of Montana,1,False
1394471,1394471,2,"Chuang, Theodore David",Harvard Law School,J.D.,1994,U.S. District Court for the District of Maryland,0,True
1394546,1394546,2,"Chutkan, Tanya Sue",University of Pennsylvania Law School,J.D.,1987,U.S. District Court for the District of Columbia,0,True
1393646,1393646,2,"Cogburn, Max Oliver, Jr.","Samford University, Cumberland School of Law",J.D.,1976,U.S. District Court for the Western District of North Carolina,0,False
1394651,1394651,2,"Cohen, Mark Howard",Emory University School of Law,J.D.,1979,U.S. District Court for the Northern District of Georgia,1,False
1393276,1393276,2,"Coleman, Sharon Johnson",Washington University School of Law,J.D.,1984,U.S. District Court for the Northern District of Illinois,0,False
1392996,1392996,2,"Conley, William Martin",University of Wisconsin Law School,J.D.,1982,U.S. District Court for the Western District of Wisconsin,1,False
1393936,1393936,2,"Contreras, Rudolph",University of Pennsylvania Law School,J.D.,1991,U.S. District Court for the District of Columbia,0,True
1394411,1394411,2,"Cooper, Christopher Reid",Stanford Law School,J.D.,1993,U.S. District Court for the District of Columbia,0,True
1393961,1393961,2,"Costa, Gregg Jeffrey",University of Texas School of Law,J.D.,1999,U.S. District Court for the Southern District of Texas,1,True
1394441,1394441,2,"Crabtree, Daniel Dale",University of Kansas School of Law,J.D.,1981,U.S. District Court for the District of Kansas,1,False
1394596,1394596,2,"Crawford, Geoffrey William",Harvard Law School,J.D.,1980,U.S. District Court for the District of Vermont,0,True
1394846,1394846,2,"Crenshaw, Waverly David, Jr.",Vanderbilt University Law School,J.D.,1981,U.S. District Court for the Middle District of Tennessee,1,False
1394046,1394046,2,"Curiel, Gonzalo Paul",Indiana University School of Law -- Bloomington (now Maurer School of Law),J.D.,1979,U.S. District Court for the Southern District of California,0,False
1393661,1393661,2,"D'Agostino, Mae Avila",Syracuse University College of Law,J.D.,1980,U.S. District Court for the Northern District of New York,1,False
1393681,1393681,2,"Dalton, Roy Bale, Jr.",University of Florida College of Law,J.D.,1976,U.S. District Court for the Middle District of Florida,1,False
1393741,1393741,2,"Darrow, Sara Lynn",St. Louis University School of Law,J.D.,1997,U.S. District Court for the Central District of Illinois,0,False
1393616,1393616,2,"Davila, Edward John","University of California, Hastings College of the Law",J.D.,1979,U.S. District Court for the Northern District of California,1,False
1394341,1394341,2,"Davis, Brian Jordan",University of Florida College of Law,J.D.,1980,U.S. District Court for the Middle District of Florida,1,False
1394621,1394621,2,"deGravelles, John Wheadon",Louisiana State University Law School,J.D.,1974,U.S. District Court for the Middle District of Louisiana,1,False
1393136,1393136,2,"DeGuilio, Jon Ernest",Valparaiso University Law School,J.D.,1981,U.S. District Court for the Northern District of Indiana,1,False
1394366,1394366,2,"Delgado Hernandez, Pedro Alberto",University of Puerto Rico School of Law,J.D.,1983,U.S. District Court for the District of Puerto Rico,1,False
1393541,1393541,2,"Diaz, Albert",New York University School of Law,J.D.,1988,U.S. Court of Appeals for the Fourth Circuit,0,True
1394191,1394191,2,"Dick, Shelly Deckert",Louisiana State University Law School,J.D.,1988,U.S. District Court for the Middle District of Louisiana,1,False
1394741,1394741,2,"Dillon, Elizabeth Kay",Wake Forest University School of Law,J.D.,1986,U.S. District Court for the Western District of Virginia,0,False
1394356,1394356,3,"Donato, James",Stanford Law School,J.D.,1988,U.S. District Court for the Northern District of California,1,True
1394806,1394806,2,"Donnelly, Ann Marie",Ohio State University College of Law,J.D.,1984,U.S. District Court for the Eastern District of New York,0,False
1394256,1394256,2,"Dorsey, Jennifer Anna",Pepperdine University School of Law,J.D.,1997,U.S. District Court for the District of Nevada,0,False
1394076,1394076,2,"Dowdell, John Edward",University of Tulsa College of Law,J.D.,1981,U.S. District Court for the Northern District of Oklahoma,1,False
1394036,1394036,2,"Drain, Gershwin Allen",University of Michigan Law School,J.D.,1972,U.S. District Court for the Eastern District of Michigan,1,True
1394801,1394801,2,"Drozd, Dale Alan","University of California, Los Angeles, School of Law",J.D.,1980,U.S. District Court for the Eastern District of California,1,False
1393941,1393941,2,"Du, Miranda Mai","University of California, Berkeley, Boalt Hall School of Law",J.D.,1994,U.S. District Court for the District of Nevada,0,True
1394096,1394096,2,"Durkin, Thomas Michael",DePaul University College of Law,J.D.,1978,U.S. District Court for the Northern District of Illinois,1,False
1393516,1393516,2,"Eagles, Catherine Caldwell",George Washington University Law School,J.D.,1982,U.S. District Court for the Middle District of North Carolina,0,False
1394836,1394836,2,"Ebinger, Rebecca Goodgame",Yale Law School,J.D.,2004,U.S. District Court for the Southern District of Iowa,0,True
1394286,1394286,2,"Ellis, Sara Lee",Loyola University Chicago School of Law,J.D.,1994,U.S. District Court for the Northern District of Illinois,1,False
1393736,1393736,2,"Engelmayer, Paul Adam",Harvard Law School,J.D.,1987,U.S. District Court for the Southern District of New York,0,True
1394136,1394136,2,"Failla, Katherine Polk",Harvard Law School,J.D.,1993,U.S. District Court for the Southern District of New York,0,True
1393271,1393271,2,"Feinerman, Gary",Stanford Law School,J.D.,1991,U.S. District Court for the Northern District of Illinois,0,True
1393921,1393921,2,"Fitzgerald, Michael Walter","University of California, Berkeley, Boalt Hall School of Law",J.D.,1985,U.S. District Court for the Central District of California,1,True
1393236,1393236,2,"Fleissig, Audrey Goldstein",Washington University School of Law,J.D.,1980,U.S. District Court for the Eastern District of Missouri,1,False
1393241,1393241,3,"Foote, Elizabeth Erny",Louisiana State University Law School,J.D.,1978,U.S. District Court for the Western District of Louisiana,1,False
1393811,1393811,2,"Forrest, Katherine Bolan",New York University School of Law,J.D.,1990,U.S. District Court for the Southern District of New York,1,True
1394021,1394021,2,"Fowlkes, John Thomas, Jr.",University of Denver College of Law,J.D.,1977,U.S. District Court for the Western District of Tennessee,0,False
1394361,1394361,2,"Freeman, Beth Labson",Harvard Law School,J.D.,1979,U.S. District Court for the Northern District of California,0,True
1393106,1393106,2,"Freudenthal, Nancy Dell",University of Wyoming College of Law,J.D.,1980,U.S. District Court for the District of Wyoming,1,False
1394436,1394436,2,"Friedland, Michelle Taryn",Stanford Law School,J.D.,2000,U.S. Court of Appeals for the Ninth Circuit,1,True
1393896,1393896,2,"Furman, Jesse Matthew",Yale Law School,J.D.,1998,U.S. District Court for the Southern District of New York,0,True
1393781,1393781,3,"Garcia Marmolejo, Marina","St. Mary`s University School of Law, Texas",J.D.,1996,U.S. District Court for the Southern District of Texas,1,False
1394576,1394576,2,"Gayles, Darrin Phillip",George Washington University Law School,J.D.,1993,U.S. District Court for the Southern District of Florida,0,False
1392976,1392976,2,"Gee, Dolly Maizie","University of California, Los Angeles, School of Law",J.D.,1984,U.S. District Court for the Central District of California,1,False
1394091,1394091,2,"Geraci, Frank Paul, Jr.",University of Dayton School of Law,J.D.,1977,U.S. District Court for the Western District of New York,0,False
1393296,1393296,2,"Gergel, Richard Mark",Duke University School of Law,J.D.,1979,U.S. District Court for the District of South Carolina,0,True
1393886,1393886,3,"Gerrard, John Melvin","University of the Pacific, McGeorge School of Law",J.D.,1981,U.S. District Court for the District of Nebraska,0,False
1393526,1393526,2,"Gibney, John Adrian, Jr.",University of Virginia School of Law,J.D.,1976,U.S. District Court for the Eastern District of Virginia,1,True
1394746,1394746,2,"Gilliam, Haywood Stirling, Jr.",Stanford Law School,J.D.,1994,U.S. District Court for the Northern District of California,1,True
1393871,1393871,2,"Gilstrap, James Rodney",Baylor University School of Law,J.D.,1981,U.S. District Court for the Eastern District of Texas,1,False
1393851,1393851,2,"Gleason, Sharon Louise","University of California, Davis, School of Law",J.D.,1983,U.S. District Court for the District of Alaska,0,False
1393256,1393256,2,"Goldsmith, Mark Allan",Harvard Law School,J.D.,1977,U.S. District Court for the Eastern District of Michigan,0,True
1394246,1394246,2,"Gonzales, Kenneth John",University of New Mexico School of Law,J.D.,1994,U.S. District Court for the District of New Mexico,1,False
1394146,1394146,2,"Gordon, Andrew Patrick",Harvard Law School,J.D.,1987,U.S. District Court for the District of Nevada,0,True
1393611,1393611,2,"Graves, James Earl, Jr.",Syracuse University College of Law,J.D.,1980,U.S. Court of Appeals for the Fifth Circuit,0,False
1394056,1394056,2,"Grimm, Paul William",University of New Mexico School of Law,J.D.,1976,U.S. District Court for the District of Maryland,0,False
1393916,1393916,2,"Groh, Gina Marie",West Virginia University College of Law,J.D.,1989,U.S. District Court for the Northern District of West Virginia,1,False
1394856,1394856,2,"Groves, Jennifer Choe",Rutgers School of Law -- Newark,J.D.,1994,U.S. Court of International Trade,0,False
1393966,1393966,2,"Guaderrama, David Campos",Notre Dame Law School,J.D.,1979,U.S. District Court for the Western District of Texas,0,False
1394296,1394296,2,"Haikala, Madeline Hughes",Tulane University Law School,J.D.,1989,U.S. District Court for the Northern District of Alabama,0,False
1394686,1394686,2,"Hale, David Jason",University of Kentucky College of Law,J.D.,1992,U.S. District Court for the Western District of Kentucky,1,False
1394816,1394816,2,"Hall, LaShann Moutique DeArcy",Howard University School of Law,J.D.,2000,U.S. District Court for the Eastern District of New York,0,False
1394776,1394776,2,"Hanks, George Carol, Jr.",Harvard Law School,J.D.,1989,U.S. District Court for the Southern District of Texas,0,True
1394416,1394416,2,"Harpool, M. Douglas",University of Missouri School of Law,J.D.,1980,U.S. District Court for the Western District of Missouri,1,False
1394626,1394626,2,"Harris, Pamela Ann",Yale Law School,J.D.,1990,U.S. Court of Appeals for the Fourth Circuit,0,True
1394476,1394476,2,"Hazel, George Jarrod",Georgetown University Law Center,J.D.,1999,U.S. District Court for the District of Maryland,0,True
1394001,1394001,2,"Helmick, Jeffrey James",Ohio State University College of Law,J.D.,1988,U.S. District Court for the Northern District of Ohio,1,False
1394541,1394541,2,"Hendricks, Bruce Howe",University of South Carolina School of Law,J.D.,1990,U.S. District Court for the District of South Carolina,1,False
1393596,1393596,2,"Hernandez, Marco Antonio",University of Washington School of Law,J.D.,1986,U.S. District Court for the District of Oregon,0,False
1393806,1393806,2,"Hickey, Susan Owens",University of Arkansas School of Law,J.D.,1981,U.S. District Court for the Western District of Arkansas,1,False
1393836,1393836,2,"Higginson, Stephen Andrew",Yale Law School,J.D.,1987,U.S. Court of Appeals for the Fifth Circuit,0,True
1393996,1393996,2,"Hillman, Timothy Spafard",Suffolk University Law School,J.D.,1973,U.S. District Court for the District of Massachusetts,1,False
1393551,1393551,2,"Hollander, Ellen Lipton",Georgetown University Law Center,J.D.,1974,U.S. District Court for the District of Maryland,0,True
1393601,1393601,2,"Holmes, Paul Kinloch III",University of Arkansas School of Law,J.D.,1978,U.S. District Court for the Western District of Arkansas,1,False
1392956,1392956,2,"Honeywell, Charlene Vanessa Edwards",University of Florida College of Law,J.D.,1981,U.S. District Court for the Middle District of Florida,1,False
1393826,1393826,2,"Hornak, Mark Raymond",University of Pittsburgh School of Law,J.D.,1981,U.S. District Court for the Western District of Pennsylvania,1,False
1393581,1393581,2,"Howell, Beryl Alaine",Columbia Law School,J.D.,1983,U.S. District Court for the District of Columbia,0,True
1394276,1394276,3,"Hughes, Todd Michael",Duke University School of Law,J.D.,1992,U.S. Court of Appeals for the Federal Circuit,0,True
1394511,1394511,3,"Humetewa, Diane Joyce",Arizona State University College of Law,J.D.,1993,U.S. District Court for the District of Arizona,1,False
1394006,1394006,2,"Hurwitz, Andrew David",Yale Law School,J.D.,1972,U.S. Court of Appeals for the Ninth Circuit,0,True
1393656,1393656,2,"Jackson, Amy Berman",Harvard Law School,J.D.,1979,U.S. District Court for the District of Columbia,0,True
1393251,1393251,2,"Jackson, Brian Anthony",Southern University Law Center,J.D.,1985,U.S. District Court for the Middle District of Louisiana,1,False
1394151,1394151,2,"Jackson, Ketanji Brown",Harvard Law School,J.D.,1996,U.S. District Court for the District of Columbia,0,True
1393746,1393746,2,"Jackson, Richard Brooke",Harvard Law School,J.D.,1972,U.S. District Court for the District of Colorado,0,True
1393626,1393626,2,"Jones, Steve CarMichael",University of Georgia School of Law,J.D.,1987,U.S. District Court for the Northern District of Georgia,1,False
1393281,1393281,3,"Kagan, Elena",Harvard Law School,J.D.,1986,Supreme Court of the United States,0,True
1392961,1392961,2,"Kallon, Abdul K.",University of Pennsylvania Law School,J.D.,1993,U.S. District Court for the Northern District of Alabama,0,True
1394861,1394861,3,"Katzmann, Gary S.",Yale Law School,J.D.,1979,U.S. Court of International Trade,0,True
1394121,1394121,2,"Kayatta, William Joseph, Jr.",Harvard Law School,J.D.,1979,U.S. Court of Appeals for the First Circuit,1,True
1394691,1394691,2,"Kearney, Mark A.",Villanova University School of Law,J.D.,1987,U.S. District Court for the Eastern District of Pennsylvania,1,False
1392991,1392991,2,"Keenan, Barbara Milano",George Washington University Law School,J.D.,1974,U.S. Court of Appeals for the Fourth Circuit,0,False
1394226,1394226,2,"Kelly, Claire Rita",Brooklyn Law School,J.D.,1993,U.S. Court of International Trade,0,False
1394186,1394186,2,"Kelly, Jane Louise",Harvard Law School,J.D.,1991,U.S. Court of Appeals for the Eighth Circuit,0,True
1394796,1394796,2,"Ketchmark, Roseann Ambrosia",University of Kansas School of Law,J.D.,1990,U.S. District Court for the Western District of Missouri,0,False
1393556,1393556,2,"Kobayashi, Leslie Emi",Boston College Law School,J.D.,1983,U.S. District Court for the District of Hawaii,0,False
1393231,1393231,2,"Koh, Lucy Haeran",Harvard Law School,J.D.,1993,U.S. District Court for the Northern District of California,0,True
1394601,1394601,2,"Krause, Cheryl Ann",Stanford Law School,J.D.,1993,U.S. Court of Appeals for the Third Circuit,0,True
1393676,1393676,2,"Kronstadt, John Arnold",Yale Law School,J.D.,1976,U.S. District Court for the Central District of California,0,True
1393776,1393776,3,"Kuntz, William Francis II",Harvard Law School,J.D.,1977,U.S. District Court for the Eastern District of New York,0,True
1392946,1392946,2,"Lange, Roberto Antonio",Northwestern University School of Law,J.D.,1988,U.S. District Court for the District of South Dakota,0,True
1394551,1394551,2,"Lauck, M[ary] Hannah",Yale Law School,J.D.,1991,U.S. District Court for the Eastern District of Virginia,0,True
1393976,1393976,2,"Lee, John Zihun",Harvard Law School,J.D.,1992,U.S. District Court for the Northern District of Illinois,0,True
1394701,1394701,2,"Leeson, Joseph F., Jr.","Catholic University of America, Columbus School of Law",J.D.,1980,U.S. District Court for the Eastern District of Pennsylvania,0,False
1394391,1394391,2,"Leitman, Matthew Frederick",Harvard Law School,J.D.,1993,U.S. District Court for the Eastern District of Michigan,0,True
1394461,1394461,2,"Levy, Jon David",West Virginia University College of Law,J.D.,1979,U.S. District Court for the District of Maine,0,False
1394396,1394396,2,"Levy, Judith Ellen",University of Michigan Law School,J.D.,1996,U.S. District Court for the Eastern District of Michigan,1,True
1394011,1394011,2,"Lewis, Mary Geiger",University of South Carolina School of Law,J.D.,1984,U.S. District Court for the District of South Carolina,1,False
1394446,1394446,2,"Lipman, Sheryl Halle",New York University School of Law,J.D.,1987,U.S. District Court for the Western District of Tennessee,0,True
1394501,1394501,2,"Logan, Steven Paul",University of Oklahoma College of Law,J.D.,1992,U.S. District Court for the District of Arizona,0,False
1393561,1393561,2,"Lohier, Raymond Joseph, Jr.",New York University School of Law,J.D.,1991,U.S. Court of Appeals for the Second Circuit,1,True
1393226,1393226,2,"Magnus-Stinson, Jane Elizabeth",Indiana University School of Law -- Indianapolis (now McKinney School of Law),J.D.,1983,U.S. District Court for the Southern District of Indiana,1,False
1394111,1394111,2,"Mannion, Malachy Edward",Pace University School of Law,J.D.,1979,U.S. District Court for the Middle District of Pennsylvania,0,False
1393821,1393821,2,"Mariani, Robert David",Syracuse University College of Law,J.D.,1976,U.S. District Court for the Middle District of Pennsylvania,0,False
1394516,1394516,2,"Marquez, Rosemary",University of Arizona College of Law,J.D.,1993,U.S. District Court for the District of Arizona,1,False
1393116,1393116,3,"Marshall, Denzil Price, Jr.",Harvard Law School,J.D.,1989,U.S. District Court for the Eastern District of Arkansas,0,True
1393576,1393576,2,"Martinez, William Joseph",University of Chicago Law School,J.D.,1980,U.S. District Court for the District of Colorado,0,True
1394871,1394871,2,"Martinotti, Brian R.",Seton Hall University School of Law,J.D.,1986,U.S. District Court for the District of New Jersey,1,False
1394536,1394536,2,"Mastroianni, Mark Gerald",Western New England College School of Law,J.D.,1989,U.S. District Court for the District of Massachusetts,1,False
1393591,1393591,3,"Matheson, Scott Milne, Jr.",Yale Law School,J.D.,1980,U.S. Court of Appeals for the Tenth Circuit,0,True
1394641,1394641,2,"May, Leigh Martin",University of Georgia School of Law,J.D.,1998,U.S. District Court for the Northern District of Georgia,1,False
1394751,1394751,2,"Mazzant, Amos Louis III",Baylor University School of Law,J.D.,1990,U.S. District Court for the Eastern District of Texas,1,False
1394326,1394326,2,"McCafferty, Landya B.",Northeastern University School of Law,J.D.,1991,U.S. District Court for the District of New Hampshire,0,False
1393691,1393691,2,"McConnell, John James, Jr.",Case Western Reserve University School of Law,J.D.,1983,U.S. District Court for the District of Rhode Island,0,False
1394821,1394821,2,"McDonough, Travis Randall",Vanderbilt University Law School,J.D.,1997,U.S. District Court for the Eastern District of Tennessee,1,False
1394386,1394386,2,"McHugh, Carolyn Baldwin",University of Utah College of Law,J.D.,1982,U.S. Court of Appeals for the Tenth Circuit,1,False
1394421,1394421,2,"McHugh, Gerald Austin, Jr.",University of Pennsylvania Law School,J.D.,1979,U.S. District Court for the Eastern District of Pennsylvania,1,True
1394026,1394026,2,"McNulty, Kevin",New York University School of Law,J.D.,1983,U.S. District Court for the District of New Jersey,0,True
1394211,1394211,2,"McShane, Michael Jerome",Northwestern School of Law of Lewis and Clark College,J.D.,1988,U.S. District Court for the District of Oregon,0,False
1394756,1394756,2,"Mehta, Amit Priyavadan",University of Virginia School of Law,J.D.,1997,U.S. District Court for the District of Columbia,0,True
1394586,1394586,3,"Mendoza, Carlos Eduardo",West Virginia University College of Law,J.D.,1997,U.S. District Court for the Middle District of Florida,0,False
1394566,1394566,2,"Mendoza, Salvador, Jr.","University of California, Los Angeles, School of Law",J.D.,1997,U.S. District Court for the Eastern District of Washington,0,False
1394346,1394346,2,"Meyer, Jeffrey Alker",Yale Law School,J.D.,1989,U.S. District Court for the District of Connecticut,1,True
1394401,1394401,2,"Michelson, Laurie Jill",Northwestern University School of Law,J.D.,1992,U.S. District Court for the Eastern District of Michigan,0,True
1393796,1393796,2,"Milazzo, Jane Margaret Triche",Louisiana State University Law School,J.D.,1992,U.S. District Court for the Eastern District of Louisiana,1,False
1394311,1394311,2,"Millett, Patricia Ann",Harvard Law School,J.D.,1988,U.S. Court of Appeals for the District of Columbia Circuit,0,True
1394351,1394351,2,"Moody, James Maxwell, Jr.",University of Arkansas School of Law,J.D.,1989,U.S. District Court for the Eastern District of Arkansas,1,False
1394156,1394156,2,"Moore, Raymond Paul",Yale Law School,J.D.,1978,U.S. District Court for the District of Colorado,0,True
1393946,1393946,3,"Morgan, Susie",Louisiana State University Law School,J.D.,1980,U.S. District Court for the Eastern District of Louisiana,1,False
1394481,1394481,2,"Moritz, Nancy Louise",Washburn University School of Law,J.D.,1985,U.S. Court of Appeals for the Tenth Circuit,1,False
1394331,1394331,3,"Morris, Brian Matthew",Stanford Law School,J.D.,1992,U.S. District Court for the District of Montana,0,True
1394636,1394636,2,"Moss, Randolph Daniel",Yale Law School,J.D.,1986,U.S. District Court for the District of Columbia,0,True
1393521,1393521,2,"Mueller, Kimberly Jo",Stanford Law School,J.D.,1995,U.S. District Court for the Eastern District of California,1,True
1393641,1393641,2,"Myerscough, Sue Ellen",Southern Illinois University School of Law,J.D.,1980,U.S. District Court for the Central District of Illinois,1,False
1393801,1393801,2,"Nathan, Alison Julie",Cornell Law School,J.D.,2000,U.S. District Court for the Southern District of New York,1,True
1393111,1393111,2,"Navarro, Gloria Maria",Arizona State University College of Law,J.D.,1992,U.S. District Court for the District of Nevada,0,False
1393531,1393531,2,"Nelson, Susan Richard",University of Pittsburgh School of Law,J.D.,1978,U.S. District Court for the District of Minnesota,0,False
1392971,1392971,2,"Nguyen, Jacqueline Hong-Ngoc","University of California, Los Angeles, School of Law",J.D.,1991,U.S. District Court for the Central District of California,1,False
1393926,1393926,2,"Nuffer, David Ogden","Brigham Young University, J. Reuben Clark Law School",J.D.,1978,U.S. District Court for the District of Utah,1,False
1394161,1394161,2,"Nunley, Troy Lynne","University of California, Hastings College of the Law",J.D.,1990,U.S. District Court for the Eastern District of California,1,False
1394171,1394171,2,"O'Connell, Beverly Reid",Pepperdine University School of Law,J.D.,1990,U.S. District Court for the Central District of California,1,False
1393731,1393731,2,"Oetken, James Paul",Yale Law School,J.D.,1991,U.S. District Court for the Southern District of New York,0,True
1394101,1394101,3,"Olguin, Fernando Manzano","University of California, Berkeley, Boalt Hall School of Law",J.D.,1989,U.S. District Court for the Central District of California,1,True
1394786,1394786,2,"Olvera, Jose Rolando, Jr.",University of Texas School of Law,J.D.,1989,U.S. District Court for the Southern District of Texas,1,True
1394201,1394201,2,"Orrick, William Horsley III",Boston College Law School,J.D.,1979,U.S. District Court for the Northern District of California,0,False
1394431,1394431,2,"Owens, John Byron",Stanford Law School,J.D.,1996,U.S. Court of Appeals for the Ninth Circuit,1,True
1394696,1394696,2,"Pappert, Gerald John",Notre Dame Law School,J.D.,1988,U.S. District Court for the Eastern District of Pennsylvania,0,False
1394406,1394406,2,"Parker, Linda Vivienne",George Washington University Law School,J.D.,1983,U.S. District Court for the Eastern District of Michigan,0,False
1394781,1394781,2,"Parrish, Jill N.",Yale Law School,J.D.,1985,U.S. District Court for the District of Utah,0,True
1393571,1393571,2,"Pearson, Benita Yalonda","Cleveland State University, Cleveland-Marshall College of Law",J.D.,1995,U.S. District Court for the Northern District of Ohio,1,False
1394661,1394661,2,"Pepper, Pamela",Cornell Law School,J.D.,1989,U.S. District Court for the Eastern District of Wisconsin,0,True
1394491,1394491,4,"Peterson, James Donald",University of Wisconsin Law School,J.D.,1998,U.S. District Court for the Western District of Wisconsin,1,False
1392986,1392986,3,"Peterson, Rosanna Malouf",University of North Dakota School of Law,J.D.,1991,U.S. District Court for the Eastern District of Washington,0,False
1394251,1394251,2,"Phillips, Gregory Alan",University of Wyoming College of Law,J.D.,1987,U.S. Court of Appeals for the Tenth Circuit,1,False
1393906,1393906,3,"Phillips, Mary Elizabeth",University of Missouri School of Law,J.D.,1996,U.S. District Court for the Western District of Missouri,1,False
1394316,1394316,2,"Pillard, Cornelia Thayer Livingston",Harvard Law School,J.D.,1987,U.S. Court of Appeals for the District of Columbia Circuit,0,True
1394761,1394761,2,"Pitman, Robert Lee",University of Texas School of Law,J.D.,1988,U.S. District Court for the Western District of Texas,1,True
1393246,1393246,2,"Pratt, Tanya Walton",Howard University School of Law,J.D.,1984,U.S. District Court for the Southern District of Indiana,0,False
1394631,1394631,2,"Pryor, Jill Anne",Yale Law School,J.D.,1988,U.S. Court of Appeals for the Eleventh Circuit,0,True
1394231,1394231,2,"Quinones Alejandro, Nitza Ileana",University of Puerto Rico School of Law,J.D.,1975,U.S. District Court for the Eastern District of Pennsylvania,0,False
1393861,1393861,2,"Ramos, Edgardo",Harvard Law School,J.D.,1987,U.S. District Court for the Southern District of New York,0,True
1393751,1393751,2,"Ramos, Nelva Gonzales",University of Texas School of Law,J.D.,1991,U.S. District Court for the Southern District of Texas,1,True
1394521,1394521,2,"Rayes, Douglas Leroy",Arizona State University College of Law,J.D.,1978,U.S. District Court for the District of Arizona,1,False
1393566,1393566,2,"Reeves, Carlton Wayne",University of Virginia School of Law,J.D.,1989,U.S. District Court for the Southern District of Mississippi,0,True
1394371,1394371,2,"Reeves, Pamela Lynn",University of Tennessee College of Law,J.D.,1979,U.S. District Court for the Eastern District of Tennessee,1,False
1392966,1392966,2,"Reiss, Christina Clair",University of Arizona College of Law,J.D.,1989,U.S. District Court for the District of Vermont,0,False
1394241,1394241,2,"Restrepo, Luis Felipe",Tulane University Law School,J.D.,1986,U.S. District Court for the Eastern District of Pennsylvania,0,False
1393666,1393666,2,"Reyna, Jimmie V.",University of New Mexico School of Law,J.D.,1978,U.S. Court of Appeals for the Federal Circuit,0,False
1393911,1393911,2,"Rice, Thomas Owen",Gonzaga University School of Law,J.D.,1986,U.S. District Court for the Eastern District of Washington,1,False
1393856,1393856,2,"Rogers, Yvonne Gonzalez",University of Texas School of Law,J.D.,1991,U.S. District Court for the Northern District of California,0,True
1394196,1394196,2,"Roman, Nelson Stephen",Brooklyn Law School,J.D.,1989,U.S. District Court for the Southern District of New York,1,False
1394041,1394041,2,"Rose, Stephanie Marie",University of Iowa College of Law,J.D.,1996,U.S. District Court for the Southern District of Iowa,1,False
1394016,1394016,2,"Rosenbaum, Robin Stacie",University of Miami School of Law,J.D.,1991,U.S. District Court for the Southern District of Florida,1,False
1394616,1394616,3,"Rosenberg, Robin Lee",Duke University School of Law,J.D.,1989,U.S. District Court for the Southern District of Florida,0,True
1394496,1394496,2,"Rosenstengel, Nancy Jo",Southern Illinois University School of Law,J.D.,1993,U.S. District Court for the Southern District of Illinois,1,False
1394656,1394656,2,"Ross, Eleanor Louise",University of Houston Law Center,J.D.,1994,U.S. District Court for the Northern District of Georgia,0,False
1393761,1393761,2,"Ross, John Andrew",Emory University School of Law,J.D.,1979,U.S. District Court for the Eastern District of Missouri,0,False
1394866,1394866,2,"Rossiter, Robert F., Jr.",Creighton University School of Law,J.D.,1981,U.S. District Court for the District of Nebraska,0,False
1393981,1393981,2,"Russell, George Levi III",University of Maryland School of Law,J.D.,1991,U.S. District Court for the District of Maryland,1,False
1393721,1393721,2,"Salas, Esther",Rutgers School of Law -- Newark,J.D.,1994,U.S. District Court for the District of New Jersey,1,False
1393606,1393606,3,"Saldana, Diana",University of Texas School of Law,J.D.,1997,U.S. District Court for the Southern District of Texas,1,True
1394666,1394666,2,"Sannes, Brenda Kay",University of Wisconsin Law School,J.D.,1983,U.S. District Court for the Northern District of New York,0,False
1394236,1394236,2,"Schmehl, Jeffrey L.",University of Toledo College of Law,J.D.,1980,U.S. District Court for the Eastern District of Pennsylvania,0,False
1394086,1394086,2,"Schofield, Lorna Gail",New York University School of Law,J.D.,1981,U.S. District Court for the Southern District of New York,1,True
1394766,1394766,2,"Schroeder, Robert William III","American University, Washington College of Law",J.D.,1994,U.S. District Court for the Eastern District of Texas,0,False
1393831,1393831,2,"Scola, Robert Nichols, Jr.",Boston College Law School,J.D.,1980,U.S. District Court for the Southern District of Florida,0,False
1392981,1392981,2,"Seeborg, Richard G.",Columbia Law School,J.D.,1981,U.S. District Court for the Northern District of California,0,True
1393631,1393631,2,"Shadid, James Edward","John Marshall Law School, Chicago, Illinois",J.D.,1983,U.S. District Court for the Central District of Illinois,1,False
1394466,1394466,2,"Shah, Manish Suresh",University of Chicago Law School,J.D.,1998,U.S. District Court for the Northern District of Illinois,1,True
1393686,1393686,2,"Sharp, Kevin Hunter",Vanderbilt University Law School,J.D.,1993,U.S. District Court for the Middle District of Tennessee,1,False
1394061,1394061,2,"Shea, Michael Peter",Yale Law School,J.D.,1993,U.S. District Court for the District of Connecticut,1,True
1394051,1394051,2,"Shelby, Robert James",University of Virginia School of Law,J.D.,1998,U.S. District Court for the District of Utah,0,True
1394031,1394031,2,"Shipp, Michael Andre",Seton Hall University School of Law,J.D.,1994,U.S. District Court for the District of New Jersey,1,False
1394166,1394166,2,"Shwartz, Patty",University of Pennsylvania Law School,J.D.,1986,U.S. Court of Appeals for the Third Circuit,1,True
1393726,1393726,2,"Simon, Michael H.",Harvard Law School,J.D.,1981,U.S. District Court for the District of Oregon,0,True
1393841,1393841,2,"Skavdahl, Scott Wesley",University of Wyoming College of Law,J.D.,1992,U.S. District Court for the District of Wyoming,1,False
1394426,1394426,2,"Smith, Edward George",Dickinson School of Law,J.D.,1986,U.S. District Court for the Eastern District of Pennsylvania,1,False
1394556,1394556,2,"Sorokin, Leo Theodore",Columbia Law School,J.D.,1991,U.S. District Court for the District of Massachusetts,0,True
1394526,1394526,2,"Soto, James Alan",Arizona State University College of Law,J.D.,1975,U.S. District Court for the District of Arizona,1,False
1394216,1394216,2,"Srinivasan, Srikanth",Stanford Law School,J.D.,1995,U.S. Court of Appeals for the District of Columbia Circuit,0,True
1393291,1393291,3,"Stark, Leonard Philip",Yale Law School,J.D.,1996,U.S. District Court for the District of Delaware,0,True
1393266,1393266,2,"Staton, Josephine L.",Harvard Law School,J.D.,1986,U.S. District Court for the Central District of California,0,True
1394706,1394706,2,"Stivers, Gregory N.",University of Kentucky College of Law,J.D.,1985,U.S. District Court for the Western District of Kentucky,1,False
1394791,1394791,2,"Stoll, Kara Farnandez",Georgetown University Law Center,J.D.,1997,U.S. Court of Appeals for the Federal Circuit,1,True
1393306,1393306,2,"Stranch, Jane Branstetter",Vanderbilt University Law School,J.D.,1978,U.S. Court of Appeals for the Sixth Circuit,1,False
1394841,1394841,2,"Strand, Leonard Terry",University of Iowa College of Law,J.D.,1990,U.S. District Court for the Northern District of Iowa,1,False
1394486,1394486,2,"Talwani, Indira","University of California, Berkeley, Boalt Hall School of Law",J.D.,1988,U.S. District Court for the District of Massachusetts,0,True
1394141,1394141,2,"Taranto, Richard Gary",Yale Law School,J.D.,1981,U.S. Court of Appeals for the Federal Circuit,0,True
1393951,1393951,2,"Thacker, Stephanie Dawn",West Virginia University College of Law,J.D.,1990,U.S. Court of Appeals for the Fourth Circuit,1,False
1393986,1393986,2,"Tharp, John Joseph, Jr.",Northwestern University School of Law,J.D.,1990,U.S. District Court for the Northern District of Illinois,1,True
1393001,1393001,2,"Thompson, Ojetta Rogeriee",Boston University School of Law,J.D.,1976,U.S. Court of Appeals for the First Circuit,1,False
1394116,1394116,2,"Tigar, Jon Steven","University of California, Berkeley, Boalt Hall School of Law",J.D.,1989,U.S. District Court for the Northern District of California,1,True
1394176,1394176,2,"Torres, Analisa Nadine",Columbia Law School,J.D.,1984,U.S. District Court for the Southern District of New York,1,True
1393786,1393786,2,"Torresen, Nancy",University of Michigan Law School,J.D.,1987,U.S. District Court for the District of Maine,0,True
1393621,1393621,2,"Totenberg, Amy Mil",Harvard Law School,J.D.,1977,U.S. District Court for the Northern District of Georgia,0,True
1393261,1393261,2,"Treadwell, Marc Thomas",Mercer University School of Law,J.D.,1981,U.S. District Court for the Middle District of Georgia,1,False
1394506,1394506,3,"Tuchi, John Joseph",Arizona State University College of Law,J.D.,1994,U.S. District Court for the District of Arizona,1,False
1393706,1393706,2,"Urbanski, Michael Francis",University of Virginia School of Law,J.D.,1981,U.S. District Court for the Western District of Virginia,1,True
1394831,1394831,2,"Vazquez, John Michael",Seton Hall University School of Law,J.D.,1996,U.S. District Court for the District of New Jersey,1,False
1392941,1392941,2,"Viken, Jeffrey Lynn",University of South Dakota School of Law,J.D.,1977,U.S. District Court for the District of South Dakota,1,False
1394811,1394811,2,"Vilardo, Lawrence Joseph",Harvard Law School,J.D.,1980,U.S. District Court for the Western District of New York,0,True
1394066,1394066,2,"Walker, Mark Eaton",University of Florida College of Law,J.D.,1992,U.S. District Court for the Northern District of Florida,1,False
1393991,1393991,2,"Watford, Paul Jeffrey","University of California, Los Angeles, School of Law",J.D.,1994,U.S. Court of Appeals for the Ninth Circuit,1,False
1394181,1394181,2,"Watson, Derrick Kahala",Harvard Law School,J.D.,1991,U.S. District Court for the District of Hawaii,0,True
1394336,1394336,2,"Watters, Susan Pamela",University of Montana School of Law,J.D.,1988,U.S. District Court for the District of Montana,1,False
1394606,1394606,3,"White, Ronnie Lee",University of Missouri-Kansas City School of Law,J.D.,1983,U.S. District Court for the Eastern District of Missouri,1,False
1393586,1393586,2,"Wilkins, Robert Leon",Harvard Law School,J.D.,1989,U.S. District Court for the District of Columbia,0,True
1393756,1393756,2,"Williams, Kathleen Mary",University of Miami School of Law,J.D.,1982,U.S. District Court for the Southern District of Florida,1,False
1393956,1393956,3,"Wimes, Brian Curtis","Texas Southern University, Thurgood Marshall School of Law",J.D.,1994,U.S. District Court for the Eastern District of Missouri,0,False
1394321,1394321,2,"Wolford, Elizabeth Ann",Notre Dame Law School,J.D.,1992,U.S. District Court for the Western District of New York,0,False
1394291,1394291,2,"Wood, Andrea Robin",Yale Law School,J.D.,1998,U.S. District Court for the Northern District of Illinois,0,True
1394301,1394301,2,"Woods, Gregory Howard III",Yale Law School,J.D.,1995,U.S. District Court for the Southern District of New York,0,True
1394826,1394826,2,"Wright, Wilhelmina Marie",Harvard Law School,J.D.,1989,U.S. District Court for the District of Minnesota,0,True
1393301,1393301,2,"Wynn, James Andrew, Jr.",Marquette University Law School,J.D.,1979,U.S. Court of Appeals for the Fourth Circuit,0,False
1394851,1394851,2,"Xinis, Paula",Yale Law School,J.D.,1997,U.S. District Court for the District of Maryland,0,True
1394571,1394571,2,"Yandle, Staci Michelle",Vanderbilt University Law School,J.D.,1987,U.S. District Court for the Southern District of Illinois,0,False
1393791,1393791,2,"Zipps, Jennifer Guerin",Georgetown University Law Center,J.D.,1990,U.S. District Court for the District of Arizona,0,True
